date,author_code,commit_count,additions,deletions,agg_loc,agg_complexity,agg_token_count,dmm_unit_size,dmm_unit_complexity,dmm_unit_interfacing
2009-12-08,1,1,661,0,538.0,125.0,3228.0,0.6447963800904978,0.7375565610859729,0.5701357466063348
2009-12-09,1,2,448,325,1235.0,317.0,7913.0,0.4430379746835443,0.759493670886076,1.0
2009-12-09,2,2,60,39,1264.0,326.0,8178.0,0.75,1.0,0.85
2009-12-10,2,3,273,51,2072.0,531.0,13301.0,0.8055555555555556,0.5833333333333333,0.8055555555555556
2009-12-11,2,9,427,215,3985.0,984.0,24872.0,1.0,0.5,0.5886363636363636
2009-12-12,3,2,29,0,693.0,178.0,4377.0,1.0,1.0,1.0
2009-12-14,2,10,381,173,6099.0,1505.0,38543.0,0.2758620689655172,1.0,0.8
2009-12-15,2,12,197,101,4494.0,1125.0,28280.0,1.0,1.0,0.0
2009-12-17,2,4,337,37,1012.0,254.0,6610.0,0.5154639175257731,0.6907216494845361,0.4948453608247423
2009-12-18,3,11,327,138,4793.0,1183.0,30320.0,1.0,1.0,1.0
2009-12-19,3,4,14,6,3004.0,755.0,19846.0,0.5,0.5,1.0
2009-12-20,3,5,1114,478,3908.0,972.0,26465.0,0.0,0.9090909090909092,1.0
2009-12-26,3,2,682,986,1285.0,294.0,8396.0,0.5296167247386759,0.3344947735191638,0.289198606271777
2010-01-01,3,1,49,27,1040.0,269.0,7552.0,1.0,1.0,1.0
2010-01-01,4,1,49,6,368.0,76.0,2791.0,0.5833333333333334,1.0,0.7083333333333334
2010-01-02,3,10,498,414,4713.0,1005.0,32003.0,0.0,0.0,0.5882352941176471
2010-01-03,3,4,474,162,1480.0,344.0,10860.0,1.0,1.0,1.0
2010-01-06,3,5,66,13,2281.0,559.0,16275.0,0.5,1.0,0.75
2010-01-07,3,1,22,20,831.0,190.0,5969.0,1.0,1.0,0.5
2010-01-09,3,3,578,147,2188.0,514.0,15226.0,0.25,0.75,0.0
2010-01-11,3,1,55,4,168.0,18.0,1234.0,0.2,0.0,1.0
2010-01-25,3,1,2,1,148.0,18.0,1163.0,,,
2010-01-27,3,1,1,1,30.0,0.0,105.0,,,
2010-01-29,3,3,70,74,321.0,65.0,1428.0,1.0,1.0,0.0
2010-01-30,3,1,81,65,213.0,69.0,1573.0,1.0,1.0,0.875
2010-01-31,3,1,21,20,0.0,0.0,0.0,,,
2010-02-03,2,3,21,15,1104.0,241.0,7509.0,1.0,0.0,1.0
2010-02-04,2,2,199,1,0.0,0.0,0.0,,,
2010-02-05,2,6,1150,1217,4500.0,1021.0,28570.0,0.7894736842105263,0.9210526315789472,0.631578947368421
2010-02-08,2,5,241,242,948.0,196.0,5436.0,1.0,1.0,1.0
2010-02-09,2,2,29,27,228.0,44.0,1001.0,0.75,1.0,1.0
2010-02-16,2,1,38,7,883.0,181.0,5006.0,,,
2010-02-17,3,1,0,0,0.0,0.0,0.0,,,
2010-02-18,3,7,162,35,339.0,70.0,2141.0,,,
2010-02-26,2,2,167,173,771.0,154.0,4480.0,1.0,0.0,0.0
2010-02-27,2,5,39,32,1661.0,337.0,8589.0,0.0,0.0,0.0
2010-03-01,2,2,8,8,479.0,100.0,2688.0,,,
2010-03-03,2,6,245,199,1543.0,303.0,9112.0,0.0,0.6428571428571428,0.9285714285714286
2010-03-04,2,6,184,150,1131.0,205.0,6826.0,1.0,0.5263157894736842,0.9473684210526316
2010-03-04,3,7,134,52,1227.0,253.0,6062.0,1.0,1.0,1.0
2010-03-05,2,12,186,95,1937.0,379.0,11374.0,0.0,0.0,1.0
2010-03-05,3,3,43,40,1045.0,210.0,5716.0,,,
2010-03-08,2,3,230,194,1607.0,327.0,9592.0,0.4117647058823529,0.0,0.8235294117647058
2010-03-09,2,7,175,133,1608.0,322.0,9453.0,1.0,1.0,0.0
2010-03-09,3,4,58,42,0.0,0.0,0.0,,,
2010-03-10,3,1,1,1,397.0,86.0,2505.0,,,
2010-03-11,2,4,26,29,422.0,85.0,2595.0,0.0,0.0,0.0
2010-03-12,2,9,29,35,742.0,160.0,4232.0,0.0,0.0,0.0
2010-03-12,3,5,59,43,397.0,86.0,2505.0,,,
2010-03-13,2,4,151,35,1570.0,362.0,9542.0,0.34375,0.4375,0.15625
2010-03-13,3,6,125,4,2598.0,567.0,14858.0,1.0,1.0,1.0
2010-03-14,2,7,89,87,480.0,83.0,2358.0,0.0,0.0,0.0
2010-03-14,3,5,107,11,1841.0,386.0,10728.0,0.3636363636363636,0.3636363636363636,1.0
2010-03-15,2,2,9,7,1314.0,283.0,7887.0,,,
2010-03-16,2,5,107,73,1767.0,391.0,10285.0,0.75,0.0,1.0
2010-03-17,2,1,9,5,87.0,11.0,452.0,0.0,0.0,1.0
2010-03-22,2,4,122,44,45.0,2.0,298.0,,,
2010-03-22,3,6,55,9,0.0,0.0,0.0,,,
2010-03-23,2,2,24,19,1522.0,331.0,8490.0,1.0,1.0,1.0
2010-03-23,3,5,26,98,1525.0,342.0,8953.0,0.0,0.0,0.0
2010-03-24,2,15,235,92,4448.0,981.0,25849.0,1.0,1.0,0.6666666666666666
2010-03-24,3,4,376,198,30.0,1.0,143.0,,,
2010-03-26,2,11,294,150,164.0,42.0,765.0,0.0,1.0,1.0
2010-03-30,2,2,17,9,471.0,106.0,3014.0,1.0,1.0,0.0
2010-04-05,3,3,91,59,888.0,205.0,4563.0,0.0,1.0,0.0
2010-04-09,2,1,7,5,39.0,6.0,160.0,,,
2010-04-10,2,31,1318,111,4725.0,935.0,28965.0,0.7061965811965811,0.9534883720930232,0.8686046511627907
2010-04-11,2,4,89,52,884.0,174.0,5395.0,0.05555555555555555,1.0,0.0
2010-04-12,2,7,187,111,1769.0,440.0,10005.0,1.0,0.0,0.0
2010-04-22,2,11,292,83,2712.0,569.0,17136.0,0.31954887218045114,0.35,0.849624060150376
2010-04-23,2,2,14,14,0.0,0.0,0.0,,,
2010-04-27,2,1,10,11,458.0,107.0,2980.0,0.0,0.0,0.0
2010-04-29,2,1,1,1,371.0,66.0,2617.0,,,
2010-05-04,2,2,158,107,2342.0,444.0,14890.0,0.073170731707317,0.951219512195122,0.1463414634146341
2010-05-06,2,2,496,434,4772.0,979.0,29941.0,1.0,0.9130434782608696,1.0
2010-05-07,2,1,2,2,1178.0,242.0,6793.0,1.0,1.0,
2010-05-20,3,1,17,15,0.0,0.0,0.0,,,
2010-06-16,2,3,5,4,908.0,210.0,5906.0,1.0,1.0,1.0
2010-08-04,3,1,44,117,0.0,0.0,0.0,,,
2010-08-05,3,1,1,1,0.0,0.0,0.0,,,
2010-08-06,3,6,24,10,916.0,212.0,5968.0,0.0,1.0,1.0
2010-08-09,3,1,7,3,460.0,106.0,2987.0,0.0,1.0,1.0
2010-08-10,2,2,30,3,496.0,136.0,2512.0,0.0769230769230769,0.7307692307692307,0.9615384615384616
2010-08-10,3,3,35,10,1389.0,327.0,7772.0,0.0,0.0,1.0
2010-08-16,2,9,149,60,2467.0,652.0,15685.0,1.0,0.0,0.0
2010-08-16,3,12,111,141,2817.0,663.0,17007.0,0.0,0.0,1.0
2010-08-17,2,29,461,204,3667.0,976.0,22619.0,1.0,0.8653846153846154,0.0
2010-08-18,2,6,35,19,1558.0,367.0,10040.0,0.8333333333333334,0.8333333333333334,0.8333333333333334
2010-08-18,3,6,49,16,2176.0,491.0,12610.0,1.0,1.0,0.0
2010-08-19,2,5,72,26,505.0,117.0,3257.0,1.0,1.0,1.0
2010-08-20,2,1,2,1,294.0,83.0,1532.0,,,
2010-09-01,2,13,132,35,3129.0,702.0,19492.0,0.1612903225806451,1.0,0.0
2010-10-17,2,2,7,16,187.0,70.0,1464.0,,,
2010-10-25,2,4,67,645,323.0,31.0,1736.0,0.3935309973045822,0.2318059299191374,0.3234501347708894
2010-10-27,2,4,1521,15,597.0,132.0,3735.0,0.6222222222222222,0.6222222222222222,1.0
2010-11-17,2,1,2,44,0.0,0.0,0.0,,,
2011-01-04,2,1,5,2,152.0,25.0,818.0,,,
2011-01-06,2,1,12,3,458.0,94.0,2394.0,0.125,0.125,0.125
2011-01-18,2,1,1,1,504.0,117.0,3257.0,,,
2011-02-02,2,1,0,2,0.0,0.0,0.0,,,
2011-03-15,2,1,1,1,0.0,0.0,0.0,,,
2011-04-01,2,1,3,1,0.0,0.0,0.0,,,
2011-06-28,2,1,5,5,504.0,117.0,3257.0,,,
2011-06-29,2,7,16,5,504.0,117.0,3257.0,,,
2011-10-13,2,2,26,19,0.0,0.0,0.0,,,
2012-02-01,2,1,163,157,0.0,0.0,0.0,,,
2012-02-03,2,1,325,25,0.0,0.0,0.0,,,
2012-02-08,2,1,26,12,0.0,0.0,0.0,,,
2012-02-10,2,7,275,74,692.0,176.0,4585.0,0.5441176470588235,0.33578431372549017,0.9583333333333333
2012-02-10,3,1,9,1,0.0,0.0,0.0,,,
2012-02-13,2,16,118,39,0.0,0.0,0.0,,,
2012-02-14,2,2,36,0,0.0,0.0,0.0,,,
2012-03-02,2,7,490,182,2434.0,585.0,15568.0,0.4142857142857143,0.3714285714285714,0.2785714285714286
2012-03-05,2,1,22,0,172.0,60.0,1187.0,0.8421052631578947,0.8421052631578947,1.0
2012-03-06,2,5,508,286,1664.0,435.0,10438.0,0.9651162790697676,0.7558139534883721,0.1976744186046511
2012-03-07,2,2,20,20,412.0,129.0,2815.0,1.0,1.0,0.0
2012-03-08,2,10,330,230,4303.0,1109.0,28052.0,0.525,0.55,0.0
2012-03-09,2,5,169,145,3895.0,911.0,23352.0,0.4705882352941176,0.0,0.0
2012-03-10,2,1,290,237,3016.0,710.0,18979.0,0.0,0.425531914893617,0.0425531914893617
2012-03-11,2,1,122,67,1688.0,425.0,9899.0,0.8723404255319149,0.6170212765957447,0.9574468085106383
2012-03-12,2,5,38,62,2655.0,648.0,17425.0,0.5,0.5,0.5
2012-03-20,2,10,263,450,3722.0,966.0,23371.0,0.0,0.0,0.0
2012-03-21,2,5,42,11,2127.0,515.0,13284.0,1.0,1.0,1.0
2012-03-22,2,5,107,16,1595.0,421.0,10698.0,0.7340425531914894,1.0,0.6276595744680851
2012-03-23,2,9,93,52,3719.0,954.0,23077.0,1.0,1.0,1.0
2012-03-25,2,5,63,84,1823.0,473.0,10959.0,0.3076923076923077,1.0,0.7692307692307693
2012-03-27,2,1,8,12,271.0,72.0,1697.0,1.0,1.0,1.0
2012-03-31,2,5,14,10,458.0,126.0,3105.0,1.0,1.0,1.0
2012-04-02,2,1,2,1,271.0,72.0,1687.0,0.0,0.0,0.0
2012-04-03,2,4,239,1,717.0,139.0,3813.0,0.5957446808510638,0.7287234042553191,0.5548103607770583
2012-04-05,2,2,3,3,37.0,3.0,222.0,,,
2012-04-08,2,3,70,15,1607.0,430.0,9953.0,0.125,1.0,0.5833333333333334
2012-04-09,2,1,5,3,496.0,103.0,2539.0,1.0,1.0,1.0
2012-04-10,2,7,82,66,826.0,204.0,5434.0,0.0,0.0,0.0
2012-04-11,2,2,38,23,0.0,0.0,0.0,,,
2012-04-13,2,7,257,39,3771.0,972.0,24057.0,0.13636363636363635,0.7843137254901961,0.1388888888888889
2012-04-25,2,2,11,6,699.0,186.0,4704.0,1.0,1.0,1.0
2012-05-09,2,1,10,8,261.0,88.0,1721.0,0.0,0.0,1.0
2012-05-10,2,7,14,14,2532.0,705.0,15643.0,0.5,0.5,0.5
2012-05-13,2,4,5,3,964.0,274.0,6447.0,0.0,1.0,1.0
2012-05-14,2,3,197,18,0.0,0.0,0.0,,,
2012-05-16,2,1,5,0,707.0,187.0,4751.0,0.0,0.0,0.0
2012-05-17,5,3,1670,6,1404.0,335.0,9569.0,0.2138613861386138,0.4118811881188118,0.4712871287128712
2012-05-21,2,1,5,0,135.0,49.0,1056.0,1.0,1.0,0.0
2012-05-23,2,7,96,19,1322.0,316.0,8019.0,0.0,0.0,1.0
2012-05-25,3,1,8,0,295.0,82.0,1527.0,1.0,1.0,1.0
2012-05-29,3,1,11,7,0.0,0.0,0.0,,,
2012-05-30,3,1,54,53,292.0,101.0,1964.0,1.0,0.6875,0.71875
2012-06-05,5,2,2,2,542.0,144.0,3374.0,,,
2012-06-14,3,1,1,1,0.0,0.0,0.0,,,
2012-06-25,2,1,2,1,504.0,105.0,2583.0,0.0,1.0,0.0
2012-07-01,2,6,155,280,753.0,191.0,4958.0,1.0,1.0,0.8461538461538461
2012-07-03,2,6,122,74,505.0,105.0,2586.0,,,
2012-07-04,2,2,3,2,0.0,0.0,0.0,,,
2012-07-06,2,7,109,84,1745.0,446.0,10470.0,1.0,0.0,0.0
2012-07-07,2,3,2,3,0.0,0.0,0.0,,,
2012-07-31,2,2,2,3,718.0,191.0,4841.0,0.0,0.0,0.0
2012-08-06,2,1,3,4,725.0,193.0,4886.0,,,
2012-08-06,6,2,10,1,725.0,193.0,4887.0,1.0,1.0,1.0
2012-08-10,2,1,6,1,36.0,0.0,121.0,,,
2012-08-16,2,2,43,40,314.0,70.0,2040.0,,,
2012-08-17,2,3,8,4,725.0,193.0,4886.0,,,
2012-08-23,2,3,14,15,0.0,0.0,0.0,,,
2012-08-29,2,2,8,4,0.0,0.0,0.0,,,
2012-09-11,2,1,12,2,0.0,0.0,0.0,,,
2012-09-14,2,2,8,4,727.0,195.0,4906.0,0.0,1.0,1.0
2012-10-01,2,1,6,2,0.0,0.0,0.0,,,
2012-10-04,2,3,36,5,520.0,105.0,2681.0,,,
2012-10-29,2,1,12,8,0.0,0.0,0.0,,,
2012-10-29,7,1,20,14,277.0,77.0,1756.0,0.0,0.0,0.0
2012-10-30,2,3,11,1,1099.0,309.0,6601.0,1.0,1.0,1.0
2012-11-03,2,5,96,31,509.0,107.0,2619.0,,,
2012-11-08,2,8,108,91,0.0,0.0,0.0,,,
2012-11-08,3,1,76,66,0.0,0.0,0.0,,,
2012-11-09,2,7,16,14,0.0,0.0,0.0,,,
2012-11-12,3,4,6,5,0.0,0.0,0.0,,,
2012-11-13,3,17,217,174,13193.0,3193.0,83327.0,0.0,0.0,1.0
2012-11-14,3,5,266,39,2220.0,485.0,12254.0,0.5555555555555556,0.7314814814814815,0.4074074074074074
2012-11-15,2,2,17,49,728.0,195.0,4908.0,,,
2012-11-15,3,4,4,4,1481.0,392.0,9924.0,0.0,0.0,1.0
2012-11-16,2,1,7,3,0.0,0.0,0.0,,,
2012-11-17,2,1,19,9,0.0,0.0,0.0,,,
2012-11-18,2,1,4,3,0.0,0.0,0.0,,,
2012-11-19,2,4,36,35,62.0,4.0,305.0,0.0,0.0,0.0
2012-11-26,3,2,7,1,735.0,198.0,4947.0,0.0,0.0,1.0
2012-11-30,2,2,8,8,1360.0,330.0,8371.0,,,
2012-12-02,2,3,75,69,0.0,0.0,0.0,,,
2012-12-19,2,1,1,1,735.0,198.0,4947.0,,,
2013-02-28,2,5,61,21,372.0,92.0,1967.0,1.0,1.0,1.0
2013-03-06,2,3,25,20,347.0,108.0,2254.0,1.0,1.0,1.0
2013-03-07,8,1,29,28,0.0,0.0,0.0,,,
2013-03-08,2,1,12,2,594.0,131.0,3259.0,1.0,1.0,1.0
2013-03-13,2,2,6,11,300.0,102.0,2001.0,,,0.0
2013-03-15,9,1,0,3,0.0,0.0,0.0,,,
2013-03-21,2,2,24,18,0.0,0.0,0.0,,,
2013-03-21,10,1,74,2,0.0,0.0,0.0,,,
2013-03-22,2,2,78,36,870.0,225.0,5611.0,1.0,1.0,1.0
2013-03-24,2,3,20,13,396.0,125.0,2573.0,1.0,1.0,0.0
2013-03-28,2,1,2,2,735.0,198.0,4953.0,,,
2013-03-30,11,1,15,12,281.0,77.0,1772.0,0.0,0.0,0.0
2013-04-09,2,4,42,25,188.0,41.0,922.0,,,
2013-04-12,2,1,8,2,0.0,0.0,0.0,,,
2013-04-21,11,1,27,0,753.0,202.0,5069.0,0.0,0.0,1.0
2013-04-25,11,1,1,1,0.0,0.0,0.0,,,
2013-04-26,11,1,0,6,0.0,0.0,0.0,,,
2013-04-29,2,1,3,3,1041.0,284.0,6549.0,,,
2013-05-22,2,4,27,17,787.0,228.0,4749.0,1.0,1.0,0.75
2013-05-22,8,1,26,16,186.0,57.0,1299.0,1.0,1.0,0.7333333333333333
2013-05-23,12,1,1,1,735.0,198.0,4953.0,,,
2013-05-28,2,1,18,1,364.0,100.0,1965.0,1.0,1.0,1.0
2013-06-03,2,2,11,4,331.0,104.0,2194.0,,,
2013-06-04,3,1,6,5,0.0,0.0,0.0,,,
2013-06-06,13,3,34,6,1645.0,461.0,11285.0,0.0,0.3333333333333333,0.6666666666666666
2013-06-12,2,1,120,0,62.0,6.0,410.0,1.0,1.0,0.325
2013-06-17,2,1,13,6,1337.0,331.0,8262.0,1.0,1.0,1.0
2013-06-19,2,4,15,10,0.0,0.0,0.0,,,
2013-06-20,3,3,7,1,317.0,116.0,2411.0,1.0,1.0,0.5
2013-06-24,2,1,1,0,0.0,0.0,0.0,,,
2013-06-25,2,8,66,49,4048.0,1081.0,27031.0,0.0,0.0,1.0
2013-06-26,2,3,8,4,2311.0,633.0,15560.0,0.5,0.5,0.75
2013-06-27,14,3,79,8,1745.0,467.0,11800.0,0.68,1.0,0.86
2013-06-28,14,1,20,2,0.0,0.0,0.0,,,
2013-06-29,14,1,1,1,828.0,226.0,5569.0,,,
2013-07-01,14,1,1,7,822.0,225.0,5555.0,0.0,0.0,1.0
2013-07-04,2,3,142,17,1805.0,437.0,11142.0,1.0,1.0,0.4
2013-07-06,2,1,1,1,0.0,0.0,0.0,,,
2013-07-09,2,1,2,0,80.0,8.0,464.0,,,
2013-07-09,14,2,2,2,90.0,16.0,388.0,,,
2013-07-09,15,4,49,33,2104.0,580.0,13988.0,1.0,1.0,1.0
2013-07-10,14,1,65,33,153.0,18.0,1045.0,0.0,0.0,0.0
2013-07-11,15,2,9,2,1199.0,264.0,6557.0,0.0,0.0,0.0
2013-07-13,16,1,4,4,306.0,103.0,2031.0,,,
2013-07-15,17,3,5,4,143.0,30.0,646.0,,,
2013-07-18,14,2,8,10,863.0,232.0,5711.0,0.5,0.0,0.5714285714285714
2013-07-18,18,2,147,0,88.0,15.0,456.0,1.0,1.0,0.7058823529411765
2013-07-19,4,2,11,2,0.0,0.0,0.0,,,
2013-07-19,15,2,38,110,200.0,60.0,1397.0,0.0,0.0,0.4117647058823529
2013-07-23,15,1,10,3,605.0,133.0,3297.0,0.0,1.0,1.0
2013-07-24,19,1,6,0,0.0,0.0,0.0,,,
2013-07-25,15,1,19,2,0.0,0.0,0.0,,,
2013-07-26,15,2,12,2,665.0,150.0,3650.0,0.0,0.0,0.8
2013-07-30,2,2,7,8,322.0,116.0,2464.0,0.0,0.0,0.0
2013-07-30,15,2,18,2,599.0,132.0,3275.0,1.0,1.0,1.0
2013-08-05,15,1,8,3,0.0,0.0,0.0,,,
2013-08-06,15,1,0,3,837.0,230.0,5670.0,1.0,1.0,0.0
2013-08-09,15,3,66,44,2183.0,543.0,11744.0,0.9166666666666667,0.9166666666666667,0.9166666666666667
2013-08-12,15,1,66,4,333.0,109.0,2224.0,0.3333333333333333,1.0,1.0
2013-08-14,15,3,36,67,1183.0,313.0,7771.0,1.0,1.0,1.0
2013-08-15,15,3,8,5,1102.0,195.0,7779.0,1.0,1.0,0.0
2013-08-16,15,1,12,6,374.0,68.0,2640.0,0.0,0.0,0.0
2013-08-20,2,3,493,86,852.0,87.0,3603.0,0.3055555555555556,1.0,1.0
2013-08-21,2,1,92,32,377.0,44.0,1687.0,1.0,1.0,1.0
2013-08-22,2,1,137,99,409.0,48.0,1966.0,0.4,1.0,1.0
2013-08-22,20,4,47,9,837.0,230.0,5670.0,,,
2013-08-23,2,4,313,325,1583.0,174.0,7307.0,1.0,0.0,1.0
2013-08-24,2,1,5,3,401.0,44.0,1851.0,0.5,1.0,1.0
2013-08-25,2,6,98,25,2165.0,235.0,9940.0,0.0,1.0,0.9444444444444444
2013-08-26,2,1,2,1,459.0,49.0,2063.0,0.0,1.0,1.0
2013-08-26,21,1,2,1,35.0,0.0,118.0,,,
2013-09-11,2,43,846,277,12393.0,1887.0,63709.0,0.75625,1.0,0.7733843537414966
2013-09-11,15,3,125,84,1745.0,434.0,10710.0,1.0,1.0,1.0
2013-09-11,21,43,1209,332,4130.0,791.0,23262.0,0.4658823529411764,0.8117647058823529,0.9576470588235294
2013-09-12,2,4,31,32,679.0,83.0,3036.0,,,
2013-09-12,21,1,36,29,342.0,111.0,2245.0,0.0,1.0,1.0
2013-09-13,21,1,0,1,341.0,111.0,2243.0,1.0,0.0,0.0
2013-09-14,20,4,23,8,0.0,0.0,0.0,,,
2013-09-16,2,3,51,12,2126.0,263.0,9661.0,0.4347826086956521,0.8260869565217391,1.0
2013-09-16,14,1,1,0,838.0,230.0,5678.0,0.0,1.0,1.0
2013-09-16,20,1,41,1,0.0,0.0,0.0,,,
2013-09-16,21,1,359,0,303.0,40.0,2031.0,0.3882783882783883,0.7619047619047619,1.0
2013-09-17,2,6,16,18,2896.0,369.0,13249.0,0.8333333333333333,0.0,0.3333333333333333
2013-09-17,21,3,10,10,285.0,40.0,1956.0,1.0,1.0,1.0
2013-09-18,2,11,112,55,3786.0,502.0,18093.0,0.0,0.2,0.0
2013-09-18,22,1,1,1,143.0,30.0,646.0,,,
2013-09-19,2,2,7,3,782.0,103.0,3844.0,0.0,0.0,1.0
2013-09-19,20,2,3,0,289.0,60.0,1299.0,0.0,0.0,1.0
2013-09-28,20,4,4,2,432.0,90.0,1947.0,,,
2013-10-03,15,2,119,4,2581.0,685.0,16902.0,0.53125,0.65625,0.25
2013-10-03,21,4,112,70,4138.0,1038.0,25700.0,0.375,1.0,0.6296296296296295
2013-10-05,23,1,1,1,0.0,0.0,0.0,,,
2013-10-08,14,1,1,0,842.0,232.0,5704.0,0.0,1.0,1.0
2013-10-23,21,1,5,4,938.0,240.0,6277.0,,,
2013-10-24,2,1,3,3,60.0,6.0,397.0,,,
2013-11-07,24,1,56,0,34.0,4.0,249.0,1.0,1.0,1.0
2013-11-15,25,1,1,1,105.0,19.0,543.0,,,
2013-11-18,14,1,11,5,149.0,31.0,681.0,0.0,0.0,1.0
2013-11-20,2,1,3,4,742.0,99.0,3601.0,0.0,0.0,0.0
2013-12-05,21,1,2,1,312.0,85.0,1617.0,,0.0,
2013-12-11,2,3,10,11,1003.0,192.0,5901.0,,,
2013-12-11,26,2,3,2,626.0,168.0,3244.0,0.0,1.0,1.0
2013-12-12,21,2,12,2,1496.0,201.0,7265.0,0.5,0.75,0.75
2013-12-14,14,1,1,1,842.0,232.0,5704.0,,,
2013-12-14,27,1,1,1,842.0,232.0,5704.0,,,
2013-12-16,26,2,3,2,626.0,170.0,3248.0,0.0,1.0,1.0
2013-12-20,28,3,12,11,986.0,224.0,5916.0,,,
2013-12-21,26,2,3,2,626.0,170.0,3248.0,0.0,1.0,1.0
2014-01-02,29,2,2349,74,2363.0,509.0,19232.0,0.2224080267558528,0.2736900780379041,0.8784838350055741
2014-01-10,2,2,3,3,1502.0,202.0,7302.0,,,
2014-01-13,2,1,2,0,753.0,102.0,3665.0,0.0,0.0,0.0
2014-01-14,2,3,23,10,1510.0,206.0,7360.0,0.0,1.0,0.0
2014-01-15,2,1,33,10,777.0,105.0,3798.0,0.8333333333333334,0.8333333333333334,0.6666666666666666
2014-01-19,30,1,1,1,48.0,8.0,210.0,,,
2014-01-20,30,1,4,1,844.0,233.0,5710.0,1.0,1.0,1.0
2014-01-23,30,1,6,1,346.0,112.0,2261.0,1.0,1.0,1.0
2014-01-24,2,1,10,2,782.0,106.0,3824.0,0.0,1.0,0.0
2014-01-24,30,1,5,2,847.0,233.0,5725.0,1.0,1.0,1.0
2014-01-28,2,1,2,2,38.0,2.0,261.0,,,
2014-01-29,2,1,2,1,848.0,233.0,5749.0,1.0,1.0,0.0
2014-01-30,24,1,46,13,57.0,6.0,469.0,1.0,1.0,1.0
2014-02-03,2,2,19,15,1700.0,468.0,11514.0,1.0,1.0,1.0
2014-02-06,2,4,25,10,1639.0,411.0,9947.0,0.3125,0.0,1.0
2014-02-17,2,1,8,2,861.0,238.0,5816.0,0.4,0.4,0.6
2014-02-23,29,1,372,42,2663.0,599.0,20996.0,0.2188552188552188,0.6397306397306397,0.8754208754208754
2014-02-25,2,1,21,131,0.0,0.0,0.0,,,
2014-02-25,29,1,63,2,0.0,0.0,0.0,,,
2014-02-28,2,4,30,26,1614.0,399.0,10090.0,0.0,0.0,1.0
2014-02-28,29,1,7,6,2664.0,599.0,21009.0,,,
2014-03-06,2,1,1,2,345.0,112.0,2260.0,0.0,0.0,1.0
2014-03-15,14,1,14,0,324.0,87.0,1677.0,0.0,0.0,0.0
2014-03-16,2,1,1,1,47.0,5.0,228.0,,,
2014-03-18,14,1,1,0,862.0,238.0,5822.0,1.0,1.0,1.0
2014-03-26,27,1,1,1,630.0,143.0,3442.0,,,
2014-04-01,2,1,1,1,633.0,146.0,3468.0,,,
2014-04-23,2,1,6,0,788.0,106.0,3834.0,,,
2014-04-25,31,1,4,4,957.0,233.0,5153.0,,,
2014-05-03,29,1,3,2,865.0,239.0,5841.0,1.0,1.0,0.0
2014-05-22,14,3,16,9,3241.0,867.0,21061.0,0.5,0.5,0.25
2014-05-28,21,1,10,10,788.0,107.0,3827.0,,0.0,0.0
2014-05-28,32,5,125,29,3594.0,980.0,24276.0,0.2272727272727272,0.3888888888888889,1.0
2014-05-29,32,3,70,12,155.0,21.0,883.0,0.46875,1.0,1.0
2014-06-06,15,1,16,12,789.0,107.0,3859.0,1.0,1.0,0.0
2014-06-10,32,4,32,167,1371.0,375.0,9031.0,0.1868131868131868,0.1428571428571428,0.2417582417582417
2014-06-16,32,2,26,6,819.0,174.0,4607.0,0.5,0.5,0.0
2014-06-19,32,1,34,5,1096.0,283.0,7020.0,0.6,0.6,0.96
2014-06-20,32,2,8,9,1002.0,263.0,6571.0,0.0,1.0,1.0
2014-06-26,32,1,63,15,984.0,251.0,6348.0,1.0,1.0,0.9090909090909092
2014-06-27,2,2,47,38,2111.0,575.0,13730.0,0.0,1.0,0.0
2014-07-01,2,3,4,4,2686.0,729.0,18165.0,1.0,0.0,0.0
2014-07-01,32,2,17,33,180.0,18.0,996.0,0.0,0.0,0.0
2014-07-02,32,2,11,13,1825.0,441.0,11185.0,1.0,1.0,1.0
2014-07-07,2,3,3,3,2685.0,729.0,18168.0,,,
2014-07-08,2,1,5,1,898.0,245.0,6077.0,0.0,0.0,0.0
2014-07-08,32,3,11,10,1512.0,322.0,8653.0,1.0,1.0,0.0
2014-07-09,2,1,13,6,168.0,57.0,1274.0,1.0,1.0,0.0
2014-07-09,15,1,3,1,920.0,249.0,6164.0,1.0,1.0,0.0
2014-07-09,32,7,53,19,4121.0,958.0,22564.0,0.0,0.0909090909090909,0.9545454545454546
2014-07-10,2,4,75,24,1390.0,325.0,7680.0,0.5,0.5,0.3181818181818182
2014-07-10,32,2,6,6,1292.0,301.0,7099.0,,,
2014-07-11,32,1,16,5,1562.0,397.0,9702.0,1.0,1.0,0.0
2014-07-14,32,3,5,4,1628.0,400.0,10094.0,1.0,1.0,0.0
2014-07-15,2,7,92,61,2482.0,522.0,13851.0,0.3333333333333333,0.16666666666666666,1.0
2014-07-15,32,3,17,15,2499.0,657.0,15965.0,1.0,1.0,1.0
2014-07-16,2,1,2,2,666.0,157.0,3657.0,,,
2014-07-18,29,1,4,1,936.0,257.0,6267.0,0.3333333333333333,0.3333333333333333,0.6666666666666666
2014-07-19,32,1,35,9,1278.0,340.0,7619.0,0.9230769230769232,1.0,1.0
2014-07-22,32,2,64,50,3700.0,913.0,21256.0,0.48,0.6799999999999999,0.6
2014-07-24,32,2,69,54,3536.0,962.0,22272.0,1.0,0.0,0.0
2014-07-25,32,1,2,0,943.0,257.0,6337.0,0.0,0.0,0.0
2014-07-31,15,1,1,4,936.0,256.0,6282.0,1.0,1.0,1.0
2014-08-01,32,9,147,118,13977.0,3681.0,86606.0,0.9230769230769232,0.7,0.2
2014-08-02,33,1,1,1,105.0,19.0,543.0,,,
2014-08-06,32,2,2,5,708.0,230.0,4628.0,0.0,0.0,0.0
2014-08-07,29,1,212,45,2806.0,642.0,22402.0,0.0,0.0,1.0
2014-08-13,15,3,135,80,2785.0,702.0,17787.0,1.0,1.0,1.0
2014-08-13,32,3,20,9,2679.0,711.0,17005.0,0.5,1.0,0.5
2014-08-13,34,2,75,22,1925.0,531.0,12908.0,1.0,1.0,0.873015873015873
2014-08-14,15,4,11,7,2583.0,474.0,14311.0,0.0,0.0,0.0
2014-08-14,29,1,183,63,2903.0,665.0,23170.0,0.3870967741935484,0.0,0.9247311827956988
2014-08-14,33,1,1,1,105.0,19.0,543.0,,,
2014-08-14,35,1,8,1,288.0,81.0,1815.0,0.0,0.0,0.0
2014-08-16,29,1,17,28,2893.0,660.0,23122.0,0.0,0.0,0.0
2014-08-18,32,2,6,6,1872.0,513.0,12580.0,0.5,0.5,0.5
2014-08-26,2,6,255,78,740.0,128.0,3892.0,0.7727272727272727,1.0,1.0
2014-08-26,32,2,10,4,1738.0,433.0,10901.0,0.3333333333333333,1.0,1.0
2014-08-27,15,5,226,18,243.0,20.0,1387.0,1.0,1.0,1.0
2014-08-27,32,3,112,28,2766.0,706.0,17783.0,0.0,0.5714285714285714,0.4192546583850931
2014-08-28,15,2,99,9,202.0,18.0,1050.0,0.627906976744186,1.0,0.7441860465116279
2014-09-04,2,4,1315,86,5153.0,1134.0,29687.0,0.5844827586206897,0.5396551724137931,0.5448275862068965
2014-09-04,32,3,49,29,2626.0,690.0,16945.0,0.0,1.0,0.5
2014-09-09,32,2,53,2,1321.0,293.0,7885.0,1.0,1.0,1.0
2014-09-15,32,2,21,1,1017.0,295.0,5743.0,1.0,1.0,1.0
2014-09-16,2,1,17,9,596.0,128.0,3812.0,1.0,1.0,1.0
2014-09-17,32,1,94,0,75.0,6.0,427.0,0.0,1.0,1.0
2014-09-22,2,2,19,70,117.0,20.0,660.0,0.0,0.0,0.0
2014-09-23,2,5,55,26,0.0,0.0,0.0,,,
2014-09-24,2,1,7,2,804.0,111.0,3919.0,0.3333333333333333,1.0,0.3333333333333333
2014-09-25,2,1,1,1,804.0,111.0,3919.0,,,
2014-09-25,32,4,33,54,1124.0,281.0,7437.0,0.0,0.0,0.0
2014-09-26,32,1,59,3,970.0,269.0,6572.0,1.0,1.0,0.0
2014-09-27,32,8,101,51,1483.0,347.0,8917.0,0.0,1.0,0.0
2014-09-29,2,2,8,1,37.0,8.0,200.0,,,
2014-10-01,2,4,22,5,3261.0,448.0,15936.0,0.8888888888888888,0.8888888888888888,0.0
2014-10-01,32,1,5,2,704.0,165.0,3972.0,0.0,0.0,0.0
2014-10-02,2,2,15,0,1798.0,384.0,10617.0,1.0,1.0,1.0
2014-10-02,32,2,18,6,617.0,135.0,4091.0,1.0,1.0,1.0
2014-10-03,32,2,40,18,492.0,140.0,3108.0,0.0,0.75,0.75
2014-10-07,2,1,3,11,285.0,40.0,1962.0,0.0,0.0,0.0
2014-10-09,2,1,9,2,834.0,118.0,4094.0,0.0,0.3333333333333333,0.6666666666666666
2014-10-10,32,1,20,10,327.0,92.0,1739.0,0.3333333333333333,0.2222222222222222,0.1111111111111111
2014-10-13,2,2,17,6,944.0,195.0,5469.0,0.0,0.0,1.0
2014-10-13,32,1,11,2,293.0,42.0,2026.0,1.0,1.0,1.0
2014-10-28,2,5,265,184,2621.0,758.0,17166.0,0.5897435897435898,0.358974358974359,0.0769230769230769
2014-10-28,32,1,90,0,66.0,10.0,375.0,0.2954545454545454,0.2954545454545454,0.8409090909090909
2014-10-31,2,1,3,0,94.0,12.0,497.0,0.0,0.0,1.0
2014-10-31,32,4,54,74,5846.0,1470.0,42889.0,0.04,0.0,0.4
2014-11-03,2,5,20,13,1822.0,579.0,13408.0,1.0,1.0,0.0
2014-11-04,2,2,43,33,1967.0,553.0,13331.0,1.0,1.0,1.0
2014-11-05,2,4,21,18,3810.0,954.0,24242.0,0.5,0.5,0.0
2014-11-06,2,2,50,29,719.0,165.0,4067.0,,,
2014-11-07,2,6,29,29,2821.0,673.0,15860.0,1.0,0.0,0.5
2014-11-07,32,3,27,30,727.0,165.0,4767.0,0.0,0.0,1.0
2014-11-10,2,12,96,65,6321.0,1163.0,35091.0,1.0,1.0,0.0
2014-11-11,2,1,1,2,0.0,0.0,0.0,,,
2014-11-11,15,1,32,21,0.0,0.0,0.0,,,
2014-11-12,2,11,67,57,2523.0,658.0,16318.0,0.0,0.0,0.0
2014-11-17,15,1,1,1,0.0,0.0,0.0,,,
2014-11-17,32,2,8,1,605.0,133.0,3896.0,1.0,1.0,1.0
2014-11-18,32,1,2,1,600.0,130.0,3866.0,0.0,0.0,0.0
2014-11-19,2,6,28,11,3313.0,545.0,16987.0,0.5,0.5,0.75
2014-11-19,14,1,1,1,1000.0,280.0,6747.0,,,
2014-11-19,27,2,5,1,1036.0,264.0,6090.0,0.5,1.0,0.5
2014-11-21,15,2,34,10,1696.0,480.0,10523.0,0.1739130434782608,0.1739130434782608,1.0
2014-11-23,2,12,243,246,14164.0,3544.0,99855.0,0.8645833333333334,0.3229166666666667,0.0729166666666666
2014-11-24,2,2,16,7,709.0,170.0,3990.0,,,
2014-11-24,15,2,35,11,97.0,19.0,645.0,1.0,1.0,1.0
2014-11-24,32,1,43,3,0.0,0.0,0.0,,,
2014-11-25,15,1,3,1,0.0,0.0,0.0,,,
2014-12-01,2,3,88,90,8398.0,1868.0,57060.0,0.0,0.0,0.0
2014-12-02,2,9,272,179,4755.0,1148.0,30197.0,0.5714285714285714,0.7142857142857143,0.3333333333333333
2014-12-04,2,13,1114,1031,20014.0,4775.0,140652.0,0.7027027027027027,0.8378378378378378,1.0
2014-12-08,2,3,111,101,8777.0,2043.0,59465.0,0.5714285714285714,0.5714285714285714,0.5714285714285714
2014-12-09,2,1,4,4,715.0,171.0,4008.0,,,
2014-12-11,2,1,23,20,1004.0,284.0,6840.0,1.0,0.0,0.0
2014-12-17,2,2,11,3,0.0,0.0,0.0,,,
2015-01-06,2,1,5,3,1085.0,302.0,7407.0,1.0,0.0,1.0
2015-01-14,2,2,8,6,2008.0,570.0,13686.0,,,
2015-01-15,2,11,188,87,9089.0,2415.0,57641.0,0.9666666666666668,0.9666666666666668,0.5333333333333333
2015-01-17,2,3,43,29,1133.0,251.0,7024.0,0.0,1.0,1.0
2015-01-18,2,6,40,21,4193.0,1155.0,27437.0,0.6000000000000001,0.6000000000000001,0.75
2015-01-22,2,1,10,7,1408.0,400.0,9387.0,1.0,1.0,0.0
2015-01-23,2,3,20,12,1838.0,569.0,12213.0,0.0,0.0,1.0
2015-01-26,2,13,312,239,13330.0,3788.0,88169.0,0.0,0.0,0.0
2015-01-27,2,3,157,96,2937.0,783.0,18563.0,0.9310344827586208,0.5172413793103449,0.3793103448275862
2015-01-28,2,1,1,1,1063.0,312.0,7244.0,,,
2015-01-29,2,1,30,16,2205.0,628.0,14051.0,0.0,0.6,1.0
2015-02-03,2,5,40,36,3437.0,972.0,22246.0,1.0,1.0,1.0
2015-02-04,2,17,74,61,9121.0,2447.0,57883.0,0.0,0.0,1.0
2015-02-09,36,1,2,2,57.0,16.0,350.0,,,
2015-02-20,2,1,31,21,365.0,102.0,1933.0,1.0,1.0,1.0
2015-02-20,14,1,23,11,358.0,100.0,1907.0,1.0,1.0,1.0
2015-03-13,2,1,46,33,416.0,142.0,2731.0,1.0,1.0,0.0
2015-03-16,37,1,5,4,0.0,0.0,0.0,,,
2015-03-18,2,8,57,123,7371.0,1952.0,51030.0,0.0,0.0,0.2580645161290322
2015-03-18,37,1,8,2,0.0,0.0,0.0,,,
2015-03-23,2,3,71,55,0.0,0.0,0.0,,,
2015-03-24,2,1,1,4,1034.0,303.0,6962.0,0.0,0.0,1.0
2015-03-30,2,3,20,23,1759.0,478.0,11067.0,,,
2015-04-06,38,2,23,23,0.0,0.0,0.0,,,
2015-04-07,38,1,4,4,0.0,0.0,0.0,,,
2015-04-09,2,2,7,2,1037.0,305.0,6987.0,1.0,1.0,1.0
2015-04-11,39,1,22,12,0.0,0.0,0.0,,,
2015-04-13,2,3,31,25,1261.0,385.0,8757.0,1.0,1.0,1.0
2015-04-14,2,2,10,13,725.0,175.0,4099.0,,,
2015-04-15,2,1,1,1,839.0,120.0,4141.0,,,
2015-04-16,2,1,4,4,725.0,175.0,4099.0,,,
2015-05-02,2,1,2,0,727.0,176.0,4117.0,0.0,0.0,0.0
2015-05-12,2,1,1,1,1040.0,306.0,6998.0,,,
2015-05-16,2,1,2,0,1041.0,306.0,7008.0,1.0,1.0,1.0
2015-05-27,15,1,12,3,56.0,14.0,437.0,0.0,0.0,0.0
2015-06-05,2,1,8,1,105.0,21.0,726.0,1.0,1.0,1.0
2015-06-07,2,1,1,1,56.0,14.0,437.0,,,
2015-06-10,2,3,25,21,115.0,22.0,812.0,0.9,1.0,0.9
2015-06-11,2,1,0,1,114.0,22.0,808.0,0.0,0.0,0.0
2015-06-14,40,2,5,5,0.0,0.0,0.0,,,
2015-06-23,2,1,3,93,16.0,0.0,75.0,0.0,0.0,0.6666666666666666
2015-06-23,41,1,10,23,105.0,19.0,759.0,0.0,0.0,0.0
2015-06-25,2,2,1,2,210.0,38.0,1518.0,,,
2015-06-25,38,1,1,1,658.0,143.0,4182.0,,,
2015-07-07,38,1,2,1,1042.0,307.0,7013.0,1.0,1.0,1.0
2015-07-15,41,1,8,4,841.0,121.0,4165.0,0.0,0.0,0.0
2015-07-29,42,1,3,2,0.0,0.0,0.0,,,
2015-09-22,15,1,24,6,1058.0,311.0,7108.0,1.0,1.0,0.4705882352941176
2015-09-23,15,1,1,1,1058.0,311.0,7106.0,,,
2015-10-18,43,1,10,9,0.0,0.0,0.0,,,
2015-10-22,2,1,4,2,1058.0,312.0,7117.0,,,
2015-11-09,44,1,1,1,727.0,176.0,4112.0,,,
2015-11-18,45,1,10,0,167.0,36.0,801.0,0.0,0.0,1.0
2016-01-11,2,2,10,5,0.0,0.0,0.0,,,
2016-01-12,2,2,22,35,823.0,121.0,4135.0,,,
2016-01-13,2,2,12,5,856.0,124.0,4362.0,0.0,0.0,0.6666666666666666
2016-01-19,2,2,5,7,0.0,0.0,0.0,,,
2016-01-20,2,3,23,12,2623.0,615.0,15472.0,0.0,0.0,0.0
2016-01-21,2,2,26,15,801.0,183.0,4558.0,1.0,1.0,0.0
2016-01-22,2,4,27,11,768.0,183.0,4378.0,0.0,1.0,1.0
2016-01-25,2,1,3,2,40.0,3.0,231.0,1.0,1.0,1.0
2016-01-26,2,2,6,4,118.0,14.0,638.0,,,
2016-02-02,2,1,3,1,44.0,4.0,172.0,0.0,1.0,1.0
2016-02-19,46,1,1,1,1061.0,314.0,7131.0,,,
2016-02-25,47,1,3,1,367.0,102.0,1942.0,0.0,1.0,1.0
2016-03-11,48,1,1,1,92.0,18.0,435.0,,,
2016-03-11,49,1,1,1,374.0,104.0,2372.0,,,
2016-03-25,49,1,4,3,374.0,103.0,2361.0,1.0,1.0,0.0
2016-04-09,50,1,2,2,374.0,103.0,2367.0,,,
2016-04-17,49,1,1,0,375.0,103.0,2372.0,0.0,1.0,0.0
2016-04-18,51,1,3,1,0.0,0.0,0.0,,,
2016-04-26,2,3,13,13,1639.0,389.0,9561.0,0.5,0.5,0.5
2016-04-30,52,2,9,2,0.0,0.0,0.0,,,
2016-05-11,2,1,31,26,0.0,0.0,0.0,,,
2016-05-24,2,1,5,5,1061.0,314.0,7132.0,,,
2016-06-03,2,1,74,9,2215.0,611.0,14011.0,1.0,1.0,0.5625
2016-06-21,2,1,1,1,92.0,18.0,435.0,,,
2016-06-21,52,3,200,152,6732.0,1422.0,44842.0,,,
2016-07-11,53,2,139,35,1477.0,314.0,9818.0,0.4754098360655737,0.4590163934426229,0.2622950819672131
2016-07-29,54,1,1,1,721.0,156.0,4798.0,,,
2016-08-02,2,1,18,4,847.0,126.0,4255.0,0.0,0.0,0.125
2016-08-03,2,1,2,2,847.0,126.0,4255.0,,,
2016-08-08,2,2,2,26,6446.0,1392.0,43326.0,,,
2016-08-11,2,1,2,2,303.0,42.0,2040.0,,,
2016-08-15,2,1,16,15,721.0,156.0,4802.0,1.0,1.0,1.0
2016-08-22,2,2,8,5,323.0,45.0,2154.0,0.0,0.0,1.0
2016-08-23,2,1,128,132,3761.0,774.0,28165.0,0.7142857142857143,0.5714285714285714,0.4285714285714285
2016-08-23,55,1,1,1,367.0,102.0,1948.0,,,
2016-08-24,2,1,53,21,123.0,12.0,573.0,0.25,1.0,0.25
2016-08-25,2,1,9,8,134.0,20.0,755.0,,,
2016-08-29,2,1,3,3,43.0,4.0,172.0,,,
2016-08-30,2,1,94,87,0.0,0.0,0.0,,,
2016-09-01,2,1,2,2,0.0,0.0,0.0,,,
2016-09-09,2,1,3,2,305.0,42.0,2057.0,,,
2016-09-14,2,1,1,1,0.0,0.0,0.0,,,
2016-09-20,2,1,57,10,398.0,106.0,2501.0,0.6,0.6,0.3
2016-09-21,2,1,2,0,307.0,42.0,2071.0,1.0,1.0,1.0
2016-09-23,2,1,2,0,309.0,42.0,2087.0,1.0,1.0,1.0
2016-09-27,56,1,1,2,44.0,4.0,268.0,0.0,0.0,1.0
2016-09-28,57,1,21,1,0.0,0.0,0.0,,,
2016-10-21,2,2,7,1,405.0,54.0,2632.0,1.0,1.0,1.0
2016-10-28,2,1,15,9,0.0,0.0,0.0,,,
2016-11-14,58,1,1,1,768.0,192.0,4429.0,,,
2016-12-09,2,2,28,12,0.0,0.0,0.0,,,
2016-12-21,59,1,2,2,2888.0,657.0,22989.0,,,
2017-01-03,15,1,3,2,1185.0,335.0,7189.0,0.0,1.0,0.0
2017-01-06,2,1,3,0,0.0,0.0,0.0,,,
2017-01-12,15,6,28,5,104.0,12.0,676.0,1.0,1.0,1.0
2017-01-12,21,1,4,2,0.0,0.0,0.0,,,
2017-01-31,2,1,7,1,0.0,0.0,0.0,,,
2017-02-07,2,1,2,2,311.0,42.0,2099.0,,,
2017-02-08,2,1,5,4,368.0,102.0,1948.0,0.0,0.0,1.0
2017-02-15,2,3,7,5,3001.0,666.0,23597.0,,,
2017-03-13,2,18,50,37,4538.0,1012.0,28725.0,0.5,1.0,1.0
2017-03-14,2,4,7,5,1173.0,335.0,7937.0,0.0,1.0,1.0
2017-03-15,2,5,13,10,0.0,0.0,0.0,,,
2017-03-22,2,2,2,2,0.0,0.0,0.0,,,
2017-03-28,60,1,1,1,0.0,0.0,0.0,,,
2017-04-22,61,1,2,3,768.0,193.0,4440.0,1.0,1.0,1.0
2017-04-28,62,1,1,1,398.0,106.0,2497.0,,,
2017-05-09,2,1,6,2,0.0,0.0,0.0,,,
2017-05-22,2,1,2,2,1067.0,316.0,7187.0,,,
2017-05-22,63,1,5,10,0.0,0.0,0.0,,,
2017-05-24,2,2,7,6,399.0,107.0,2500.0,0.0,1.0,0.0
2017-05-30,2,1,10,4,86.0,19.0,601.0,0.0,0.0,1.0
2017-06-02,2,1,4,1,0.0,0.0,0.0,,,
2017-09-25,2,1,3,2,0.0,0.0,0.0,,,
2017-10-10,64,1,5,2,0.0,0.0,0.0,,,
2017-12-07,46,1,1,0,1068.0,316.0,7194.0,1.0,0.0,1.0
2018-04-28,2,1,1,1,0.0,0.0,0.0,,,
2018-06-03,2,1,14,17,0.0,0.0,0.0,,,
2018-06-03,65,2,13,6,1069.0,316.0,7196.0,0.0,0.0,1.0
2018-06-18,2,1,1,1,0.0,0.0,0.0,,,
2018-07-10,2,1,7,5,99.0,19.0,618.0,0.0,0.0,1.0
2018-07-11,2,2,4,4,989.0,272.0,6197.0,,,
2018-07-25,2,28,237,147,16030.0,4529.0,104185.0,0.7777777777777778,0.7777777777777778,1.0
2018-07-26,2,10,57,44,8420.0,2023.0,63014.0,,,
2018-07-26,66,1,15,9,2892.0,657.0,23031.0,,,
2018-08-02,2,2,16,23,1529.0,474.0,10239.0,0.0,0.0,0.0
2018-08-15,2,1,4,4,770.0,193.0,4460.0,,,
2018-08-23,2,3,16,11,2933.0,831.0,19133.0,0.5,1.0,0.5
2018-08-28,2,2,33,2,110.0,21.0,721.0,1.0,1.0,1.0
2018-09-25,65,1,10,5,1537.0,476.0,10319.0,1.0,1.0,1.0
2018-10-11,2,1,20,5,739.0,159.0,4901.0,0.0,0.0,0.0
2018-10-11,67,1,3,0,397.0,105.0,2509.0,1.0,1.0,1.0
2018-10-19,2,1,3,3,739.0,159.0,4902.0,,,
2018-11-15,68,1,2,2,451.0,155.0,2936.0,,,
2018-12-07,2,1,2,1,0.0,0.0,0.0,,,
2018-12-14,69,1,9,0,375.0,104.0,1988.0,0.0,0.0,1.0
2019-03-06,2,1,17,21,389.0,104.0,2470.0,0.25,0.25,1.0
2019-03-13,2,2,5,5,770.0,193.0,4460.0,,,
2019-04-04,2,1,4,0,0.0,0.0,0.0,,,
2019-04-09,2,1,1,1,0.0,0.0,0.0,,,
2019-04-23,71,1,1,1,455.0,157.0,2986.0,,,
2019-04-25,72,1,2,1,0.0,0.0,0.0,,,
2019-06-09,73,1,1,1,389.0,105.0,2476.0,,,
2019-07-11,2,1,4,4,770.0,193.0,4460.0,,,
2019-07-11,74,1,68,34,1560.0,476.0,10443.0,0.6428571428571429,0.7142857142857143,0.7142857142857143
2019-11-22,2,1,20,8,0.0,0.0,0.0,,,
2019-11-24,2,1,2,2,0.0,0.0,0.0,,,
2019-11-26,75,1,1,2,220.0,79.0,1756.0,0.0,0.0,1.0
2019-12-01,75,1,3,3,375.0,104.0,1999.0,,,
2020-01-05,76,1,1,1,220.0,79.0,1756.0,,,
2020-02-15,77,1,2,1,0.0,0.0,0.0,,,
2020-04-03,78,1,5,5,3275.0,761.0,25095.0,,,
2020-04-05,78,2,6,6,1692.0,252.0,8502.0,,,
2020-04-09,77,3,43,4,980.0,319.0,6334.0,1.0,1.0,1.0
2020-12-13,2,4,42,4,0.0,0.0,0.0,,,
2020-12-13,79,1,18,10,0.0,0.0,0.0,,,
2020-12-19,2,1,39,16,0.0,0.0,0.0,,,
2021-01-03,2,2,138,100,5919.0,1243.0,36152.0,0.9615384615384616,1.0,0.6923076923076923
2021-01-04,2,6,14,16,55.0,5.0,315.0,0.0,1.0,1.0
2021-01-04,80,1,1,1,18.0,1.0,110.0,,,
2021-01-05,2,1,1,0,19.0,3.0,106.0,1.0,1.0,1.0
2021-01-09,2,2,16,16,1215.0,223.0,7610.0,0.0,1.0,1.0
2021-01-13,2,2,140,75,1765.0,277.0,9017.0,0.16666666666666666,0.5,0.1794871794871795
2021-01-16,2,1,5,2,886.0,140.0,4527.0,0.0,1.0,0.0
2021-01-25,2,2,332,216,10020.0,2196.0,67531.0,0.8888888888888888,1.0,0.5555555555555556
2021-01-26,2,1,5,1,0.0,0.0,0.0,,,
2021-01-27,2,1,7,17,104.0,19.0,547.0,0.0,0.0,0.0
2021-01-28,2,2,13,10,107.0,19.0,573.0,1.0,1.0,1.0
2021-01-29,2,3,46,20,3673.0,851.0,27541.0,,,
2021-01-30,2,4,90,32,771.0,193.0,4464.0,,,
2021-02-05,2,1,53,57,6528.0,1221.0,44420.0,,,
2021-02-06,2,3,1941,834,3789.0,798.0,27607.0,0.0,1.0,0.0
2021-02-07,2,3,25,21,1472.0,426.0,9384.0,0.42857142857142855,0.5,1.0
2021-02-08,2,3,76,39,1536.0,359.0,9517.0,0.0,0.6363636363636364,0.6363636363636364
2021-02-09,2,6,34,40,2317.0,583.0,13436.0,0.0,0.0,0.0
2021-02-10,2,1,6,6,773.0,195.0,4484.0,,,
2021-03-13,2,1,2,1,0.0,0.0,0.0,,,
2021-03-28,2,1,1,0,1.0,0.0,6.0,,,
2021-03-28,81,1,3,3,2902.0,658.0,23068.0,,,
2021-10-07,2,1,1,1,2902.0,658.0,23071.0,,,
2021-10-14,2,1,1,1,0.0,0.0,0.0,,,
2021-10-14,82,1,1,1,773.0,195.0,4484.0,,,
2021-11-08,83,1,1,1,0.0,0.0,0.0,,,
2022-02-23,84,1,8,8,0.0,0.0,0.0,,,
2022-02-24,85,1,1,1,385.0,107.0,2022.0,,,
2022-03-31,2,1,9,7,773.0,195.0,4484.0,,,
2022-03-31,84,1,11,2,0.0,0.0,0.0,,,
2022-03-31,85,1,3,1,0.0,0.0,0.0,,,
2022-07-10,2,1,23,27,0.0,0.0,0.0,,,
