{
    "health_percentage": 100,
    "description": "Flutter makes it easy and fast to build beautiful apps for mobile and beyond",
    "documentation": "https://flutter.dev",
    "files": {
        "code_of_conduct": {
            "key": "other",
            "name": "Other",
            "html_url": "https://github.com/flutter/flutter/blob/master/CODE_OF_CONDUCT.md",
            "url": "https://api.github.com/repos/flutter/flutter/community/code_of_conduct"
        },
        "code_of_conduct_file": {
            "url": "https://api.github.com/repos/flutter/flutter/contents/CODE_OF_CONDUCT.md",
            "html_url": "https://github.com/flutter/flutter/blob/master/CODE_OF_CONDUCT.md"
        },
        "contributing": {
            "url": "https://api.github.com/repos/flutter/flutter/contents/CONTRIBUTING.md",
            "html_url": "https://github.com/flutter/flutter/blob/master/CONTRIBUTING.md"
        },
        "issue_template": null,
        "pull_request_template": {
            "url": "https://api.github.com/repos/flutter/flutter/contents/.github/PULL_REQUEST_TEMPLATE.md",
            "html_url": "https://github.com/flutter/flutter/blob/master/.github/PULL_REQUEST_TEMPLATE.md"
        },
        "license": {
            "key": "bsd-3-clause",
            "name": "BSD 3-Clause \"New\" or \"Revised\" License",
            "spdx_id": "BSD-3-Clause",
            "url": "https://api.github.com/licenses/bsd-3-clause",
            "node_id": "MDc6TGljZW5zZTU=",
            "html_url": "https://github.com/flutter/flutter/blob/master/LICENSE"
        },
        "readme": {
            "url": "https://api.github.com/repos/flutter/flutter/contents/README.md",
            "html_url": "https://github.com/flutter/flutter/blob/master/README.md"
        }
    },
    "updated_at": "2019-02-20T23:41:44Z",
    "content_reports_enabled": true
}