[
    {
        "api_url": "https://api.github.com/repos/flutter/flutter/stats/commit_activity"
    },
    {
        "total": 115,
        "week": 1627171200,
        "days": [
            0,
            21,
            24,
            19,
            24,
            25,
            2
        ]
    },
    {
        "total": 90,
        "week": 1627776000,
        "days": [
            0,
            12,
            31,
            19,
            20,
            7,
            1
        ]
    },
    {
        "total": 66,
        "week": 1628380800,
        "days": [
            1,
            11,
            4,
            15,
            18,
            13,
            4
        ]
    },
    {
        "total": 104,
        "week": 1628985600,
        "days": [
            2,
            20,
            22,
            27,
            8,
            19,
            6
        ]
    },
    {
        "total": 115,
        "week": 1629590400,
        "days": [
            2,
            21,
            17,
            23,
            20,
            26,
            6
        ]
    },
    {
        "total": 82,
        "week": 1630195200,
        "days": [
            3,
            18,
            23,
            7,
            9,
            13,
            9
        ]
    },
    {
        "total": 65,
        "week": 1630800000,
        "days": [
            3,
            0,
            6,
            17,
            15,
            20,
            4
        ]
    },
    {
        "total": 79,
        "week": 1631404800,
        "days": [
            1,
            12,
            12,
            20,
            13,
            20,
            1
        ]
    },
    {
        "total": 68,
        "week": 1632009600,
        "days": [
            0,
            13,
            10,
            13,
            13,
            18,
            1
        ]
    },
    {
        "total": 93,
        "week": 1632614400,
        "days": [
            8,
            16,
            21,
            15,
            15,
            16,
            2
        ]
    },
    {
        "total": 102,
        "week": 1633219200,
        "days": [
            0,
            11,
            18,
            22,
            26,
            20,
            5
        ]
    },
    {
        "total": 92,
        "week": 1633824000,
        "days": [
            0,
            11,
            20,
            17,
            29,
            12,
            3
        ]
    },
    {
        "total": 78,
        "week": 1634428800,
        "days": [
            0,
            1,
            25,
            28,
            19,
            4,
            1
        ]
    },
    {
        "total": 78,
        "week": 1635033600,
        "days": [
            1,
            12,
            7,
            23,
            19,
            14,
            2
        ]
    },
    {
        "total": 83,
        "week": 1635638400,
        "days": [
            0,
            16,
            15,
            20,
            17,
            12,
            3
        ]
    },
    {
        "total": 100,
        "week": 1636243200,
        "days": [
            6,
            31,
            15,
            14,
            15,
            16,
            3
        ]
    },
    {
        "total": 66,
        "week": 1636848000,
        "days": [
            1,
            4,
            9,
            25,
            5,
            17,
            5
        ]
    },
    {
        "total": 60,
        "week": 1637452800,
        "days": [
            5,
            8,
            28,
            12,
            0,
            3,
            4
        ]
    },
    {
        "total": 75,
        "week": 1638057600,
        "days": [
            3,
            7,
            11,
            17,
            14,
            17,
            6
        ]
    },
    {
        "total": 79,
        "week": 1638662400,
        "days": [
            5,
            12,
            20,
            15,
            12,
            14,
            1
        ]
    },
    {
        "total": 84,
        "week": 1639267200,
        "days": [
            3,
            17,
            29,
            11,
            16,
            8,
            0
        ]
    },
    {
        "total": 67,
        "week": 1639872000,
        "days": [
            0,
            12,
            15,
            17,
            13,
            7,
            3
        ]
    },
    {
        "total": 24,
        "week": 1640476800,
        "days": [
            3,
            5,
            5,
            0,
            4,
            6,
            1
        ]
    },
    {
        "total": 72,
        "week": 1641081600,
        "days": [
            3,
            6,
            15,
            10,
            11,
            21,
            6
        ]
    },
    {
        "total": 92,
        "week": 1641686400,
        "days": [
            3,
            20,
            11,
            10,
            24,
            22,
            2
        ]
    },
    {
        "total": 74,
        "week": 1642291200,
        "days": [
            0,
            0,
            13,
            14,
            14,
            25,
            8
        ]
    },
    {
        "total": 86,
        "week": 1642896000,
        "days": [
            5,
            27,
            14,
            12,
            10,
            15,
            3
        ]
    },
    {
        "total": 118,
        "week": 1643500800,
        "days": [
            2,
            14,
            18,
            33,
            18,
            28,
            5
        ]
    },
    {
        "total": 84,
        "week": 1644105600,
        "days": [
            0,
            18,
            17,
            14,
            10,
            23,
            2
        ]
    },
    {
        "total": 97,
        "week": 1644710400,
        "days": [
            5,
            12,
            27,
            18,
            14,
            18,
            3
        ]
    },
    {
        "total": 62,
        "week": 1645315200,
        "days": [
            0,
            1,
            14,
            17,
            12,
            14,
            4
        ]
    },
    {
        "total": 94,
        "week": 1645920000,
        "days": [
            1,
            20,
            14,
            17,
            15,
            19,
            8
        ]
    },
    {
        "total": 80,
        "week": 1646524800,
        "days": [
            6,
            20,
            16,
            24,
            12,
            2,
            0
        ]
    },
    {
        "total": 92,
        "week": 1647129600,
        "days": [
            0,
            14,
            12,
            12,
            29,
            17,
            8
        ]
    },
    {
        "total": 109,
        "week": 1647734400,
        "days": [
            0,
            25,
            25,
            16,
            8,
            23,
            12
        ]
    },
    {
        "total": 90,
        "week": 1648339200,
        "days": [
            2,
            20,
            12,
            20,
            21,
            15,
            0
        ]
    },
    {
        "total": 100,
        "week": 1648944000,
        "days": [
            0,
            13,
            12,
            31,
            17,
            19,
            8
        ]
    },
    {
        "total": 134,
        "week": 1649548800,
        "days": [
            6,
            20,
            30,
            23,
            25,
            27,
            3
        ]
    },
    {
        "total": 102,
        "week": 1650153600,
        "days": [
            1,
            15,
            15,
            20,
            27,
            18,
            6
        ]
    },
    {
        "total": 137,
        "week": 1650758400,
        "days": [
            6,
            21,
            29,
            31,
            17,
            19,
            14
        ]
    },
    {
        "total": 114,
        "week": 1651363200,
        "days": [
            7,
            18,
            19,
            22,
            26,
            21,
            1
        ]
    },
    {
        "total": 16,
        "week": 1651968000,
        "days": [
            0,
            0,
            0,
            15,
            1,
            0,
            0
        ]
    },
    {
        "total": 123,
        "week": 1652572800,
        "days": [
            0,
            14,
            22,
            29,
            24,
            24,
            10
        ]
    },
    {
        "total": 53,
        "week": 1653177600,
        "days": [
            0,
            0,
            0,
            17,
            30,
            6,
            0
        ]
    },
    {
        "total": 103,
        "week": 1653782400,
        "days": [
            0,
            7,
            20,
            22,
            29,
            17,
            8
        ]
    },
    {
        "total": 123,
        "week": 1654387200,
        "days": [
            5,
            21,
            22,
            28,
            25,
            15,
            7
        ]
    },
    {
        "total": 78,
        "week": 1654992000,
        "days": [
            5,
            4,
            12,
            11,
            21,
            22,
            3
        ]
    },
    {
        "total": 63,
        "week": 1655596800,
        "days": [
            2,
            4,
            19,
            17,
            7,
            11,
            3
        ]
    },
    {
        "total": 114,
        "week": 1656201600,
        "days": [
            3,
            19,
            24,
            20,
            26,
            15,
            7
        ]
    },
    {
        "total": 98,
        "week": 1656806400,
        "days": [
            4,
            11,
            4,
            21,
            26,
            22,
            10
        ]
    },
    {
        "total": 112,
        "week": 1657411200,
        "days": [
            6,
            19,
            15,
            23,
            17,
            30,
            2
        ]
    },
    {
        "total": 30,
        "week": 1658016000,
        "days": [
            1,
            20,
            9,
            0,
            0,
            0,
            0
        ]
    }
]