date,commit_count
2010-01-01,402487
2010-01-02,646891
2010-01-03,282974
2010-01-04,2391253
2010-01-05,1959631
2010-01-06,2000214
2010-01-07,2292592
2010-01-08,3055128
2010-01-09,336004
2010-01-10,1565341
2010-01-11,2842882
2010-01-12,3477455
2010-01-13,3066237
2010-01-14,2499897
2010-01-15,3796636
2010-01-16,2006819
2010-01-17,3865155
2010-01-18,2660965
2010-01-19,3449114
2010-01-20,2938788
2010-01-21,2789848
2010-01-22,1477782
2010-01-23,1004679
2010-01-24,708473
2010-01-25,2321636
2010-01-26,2040623
2010-01-27,2894322
2010-01-28,1709855
2010-01-29,2629115
2010-01-30,830419
2010-01-31,496907
2010-02-01,2422672
2010-02-02,2456408
2010-02-03,2501919
2010-02-04,4053003
2010-02-05,2701615
2010-02-06,508096
2010-02-07,518734
2010-02-08,3215330
2010-02-09,2946041
2010-02-10,3011798
2010-02-11,2811465
2010-02-12,2684321
2010-02-13,1078567
2010-02-14,740579
2010-02-15,3032792
2010-02-16,3591356
2010-02-17,5776412
2010-02-18,3172717
2010-02-19,3175117
2010-02-20,1056299
2010-02-21,616654
2010-02-22,2111733
2010-02-23,3590269
2010-02-24,5272296
2010-02-25,4056506
2010-02-26,11692891
2010-02-27,4184711
2010-02-28,2709377
2010-03-01,6660287
2010-03-02,7322838
2010-03-03,4157734
2010-03-04,9133998
2010-03-05,2670048
2010-03-06,4042809
2010-03-07,3259764
2010-03-08,2880972
2010-03-09,3815181
2010-03-10,3867144
2010-03-11,2544238
2010-03-12,5165055
2010-03-13,1521487
2010-03-14,957678
2010-03-15,3479993
2010-03-16,2099960
2010-03-17,2173101
2010-03-18,2234528
2010-03-19,3499727
2010-03-20,893277
2010-03-21,588608
2010-03-22,2007720
2010-03-23,2958411
2010-03-24,2717591
2010-03-25,2222806
2010-03-26,1984542
2010-03-27,1141836
2010-03-28,455685
2010-03-29,2508590
2010-03-30,1728338
2010-03-31,3553186
2010-04-01,2035679
2010-04-02,2687335
2010-04-03,1324052
2010-04-04,782498
2010-04-05,1388001
2010-04-06,2509376
2010-04-07,3746269
2010-04-08,2437493
2010-04-09,2764999
2010-04-10,820884
2010-04-11,2645413
2010-04-12,2503866
2010-04-13,3082431
2010-04-14,3370188
2010-04-15,1552892
2010-04-16,3664148
2010-04-17,500363
2010-04-18,414316
2010-04-19,2128077
2010-04-20,2924634
2010-04-21,1976977
2010-04-22,2731103
2010-04-23,2411976
2010-04-24,1004649
2010-04-25,1648243
2010-04-26,2292604
2010-04-27,2719369
2010-04-28,2885505
2010-04-29,1379223
2010-04-30,2902020
2010-05-01,1227622
2010-05-02,1728375
2010-05-03,2467564
2010-05-04,2520557
2010-05-05,2227316
2010-05-06,4904035
2010-05-07,2976458
2010-05-08,636451
2010-05-09,686582
2010-05-10,7470679
2010-05-11,12656944
2010-05-12,3770487
2010-05-13,4395002
2010-05-14,5195303
2010-05-15,1125249
2010-05-16,1790536
2010-05-17,8734248
2010-05-18,11312605
2010-05-19,10540130
2010-05-20,8483850
2010-05-21,7263364
2010-05-22,1660326
2010-05-23,728001
2010-05-24,2842075
2010-05-25,5881336
2010-05-26,3340748
2010-05-27,6755406
2010-05-28,2715773
2010-05-29,892279
2010-05-30,735215
2010-05-31,2503440
2010-06-01,3489194
2010-06-02,4215237
2010-06-03,3354219
2010-06-04,3442102
2010-06-05,937825
2010-06-06,794659
2010-06-07,1995730
2010-06-08,2081078
2010-06-09,2063150
2010-06-10,1649511
2010-06-11,2047735
2010-06-12,777764
2010-06-13,466110
2010-06-14,2522578
2010-06-15,2404788
2010-06-16,2140713
2010-06-17,1930887
2010-06-18,2768819
2010-06-19,734044
2010-06-20,481594
2010-06-21,1513573
2010-06-22,2458985
2010-06-23,2647249
2010-06-24,2104183
2010-06-25,1515613
2010-06-26,994545
2010-06-27,723984
2010-06-28,1374924
2010-06-29,2797620
2010-06-30,3484843
2010-07-01,1690298
2010-07-02,1892483
2010-07-03,635404
2010-07-04,564819
2010-07-05,2867339
2010-07-06,1978855
2010-07-07,2015803
2010-07-08,3443976
2010-07-09,2327699
2010-07-10,405017
2010-07-11,735664
2010-07-12,2151037
2010-07-13,2703615
2010-07-14,1729258
2010-07-15,1439095
2010-07-16,2484657
2010-07-17,1076286
2010-07-18,682991
2010-07-19,1975524
2010-07-20,2692167
2010-07-21,3340316
2010-07-22,4128858
2010-07-23,3085336
2010-07-24,613854
2010-07-25,568172
2010-07-26,6660690
2010-07-27,6927581
2010-07-28,6298060
2010-07-29,2221105
2010-07-30,1912906
2010-07-31,1249502
2010-08-01,3871905
2010-08-02,12494392
2010-08-03,5837356
2010-08-04,6283604
2010-08-05,10173480
2010-08-06,3455849
2010-08-07,3282227
2010-08-08,1079072
2010-08-09,6087408
2010-08-10,9932134
2010-08-11,6037723
2010-08-12,3829631
2010-08-13,1857512
2010-08-14,1506897
2010-08-15,1028188
2010-08-16,2812090
2010-08-17,2028636
2010-08-18,2978957
2010-08-19,2558866
2010-08-20,2637976
2010-08-21,694209
2010-08-22,917078
2010-08-23,2225053
2010-08-24,4840026
2010-08-25,3008154
2010-08-26,1992168
2010-08-27,2481410
2010-08-28,1107564
2010-08-29,863630
2010-08-30,2236426
2010-08-31,4053979
2010-09-01,2418323
2010-09-02,2706590
2010-09-03,1773846
2010-09-04,914831
2010-09-05,2360945
2010-09-06,988617
2010-09-07,3301401
2010-09-08,5027600
2010-09-09,4811202
2010-09-10,4520807
2010-09-11,1019352
2010-09-12,875472
2010-09-13,1753400
2010-09-14,3904306
2010-09-15,2325306
2010-09-16,3607571
2010-09-17,3197139
2010-09-18,593294
2010-09-19,1391273
2010-09-20,2567889
2010-09-21,5419484
2010-09-22,2619687
2010-09-23,2999390
2010-09-24,5327703
2010-09-25,1036253
2010-09-26,761547
2010-09-27,3343157
2010-09-28,3831272
2010-09-29,3201008
2010-09-30,2701955
2010-10-01,4457123
2010-10-02,1200121
2010-10-03,569778
2010-10-04,3943944
2010-10-05,5383489
2010-10-06,3932439
2010-10-07,4362338
2010-10-08,5633348
2010-10-09,1387060
2010-10-10,716978
2010-10-11,3552882
2010-10-12,4412071
2010-10-13,2943972
2010-10-14,4449929
2010-10-15,3456698
2010-10-16,1522995
2010-10-17,874908
2010-10-18,5361716
2010-10-19,4095081
2010-10-20,3644012
2010-10-21,15394150
2010-10-22,9959906
2010-10-23,4537812
2010-10-24,8921983
2010-10-25,6652083
2010-10-26,7293168
2010-10-27,4460337
2010-10-28,9850642
2010-10-29,4388011
2010-10-30,1582437
2010-10-31,818397
2010-11-01,2504826
2010-11-02,1357950
2010-11-03,1563329
2010-11-04,1552317
2010-11-05,1548392
2010-11-06,672112
2010-11-07,689321
2010-11-08,1953941
2010-11-09,4295201
2010-11-10,3891572
2010-11-11,3140500
2010-11-12,2405330
2010-11-13,838375
2010-11-14,432394
2010-11-15,5683178
2010-11-16,4360989
2010-11-17,4063275
2010-11-18,5448714
2010-11-19,2460076
2010-11-20,1007589
2010-11-21,628825
2010-11-22,4049723
2010-11-23,2349035
2010-11-24,3803011
2010-11-25,1945235
2010-11-26,1692980
2010-11-27,855700
2010-11-28,1393019
2010-11-29,4329256
2010-11-30,4481836
2010-12-01,3963013
2010-12-02,4069269
2010-12-03,4364017
2010-12-04,799586
2010-12-05,884293
2010-12-06,2778506
2010-12-07,3509147
2010-12-08,4022092
2010-12-09,3158839
2010-12-10,4258667
2010-12-11,1622897
2010-12-12,745837
2010-12-13,3263473
2010-12-14,2838909
2010-12-15,2446739
2010-12-16,6190878
2010-12-17,2842837
2010-12-18,943875
2010-12-19,830545
2010-12-20,3823329
2010-12-21,5407811
2010-12-22,5220262
2010-12-23,3008954
2010-12-24,2038997
2010-12-25,485195
2010-12-26,522052
2010-12-27,646611
2010-12-28,1051568
2010-12-29,4886545
2010-12-30,1768861
2010-12-31,1040855
